{
  "protocol": "No training or checkpoint selection. Strict RAMR-VE test predictions are fixed; date-level bootstrap is used only for post-hoc uncertainty audit against modern baseline point estimates.",
  "predictions_file": "docs/experiments/artifacts/strict_ramr_ve_test_predictions_20260701.npz",
  "baseline_file": "docs/experiments/artifacts/modern_baselines_correct_data_20260701.json",
  "bootstrap_unit": "test date row with all 20 target variables kept together",
  "bootstrap_samples": 2000,
  "seed": 42,
  "n_rows": 212,
  "n_targets": 20,
  "strict_ramr_ve_point_metrics": {
    "mape": 18.546323040648975,
    "mse": 0.035640054881848904,
    "mae": 0.13802760334469663,
    "valid_count": 4240,
    "ignored_count": 0
  },
  "strict_ramr_ve_bootstrap_summary": {
    "mape": {
      "mean": 18.530345560219786,
      "std": 0.9118321500006779,
      "ci95_low": 16.87958772500778,
      "ci95_high": 20.374305024357216
    },
    "mse": {
      "mean": 0.03564652534397439,
      "std": 0.004093799931949111,
      "ci95_low": 0.028132500357103293,
      "ci95_high": 0.04399125254929025
    },
    "mae": {
      "mean": 0.1380551636389124,
      "std": 0.0066173945646290245,
      "ci95_low": 0.12586048059768426,
      "ci95_high": 0.1513790742760108
    }
  },
  "baseline_margin_rows": [
    {
      "baseline": "DLinear",
      "baseline_mape": 24.343043565750122,
      "baseline_mse": 0.05431416031986068,
      "baseline_mae": 0.18245048901704872,
      "ramr_mape": 18.546323040648975,
      "ramr_mse": 0.035640054881848904,
      "ramr_mae": 0.13802760334469663,
      "mape_absolute_margin": 5.796720525101147,
      "mse_absolute_margin": 0.018674105438011776,
      "mae_absolute_margin": 0.044422885672352086,
      "mape_relative_reduction_pct": 23.812636696164592,
      "mse_relative_reduction_pct": 34.381651724041006,
      "mae_relative_reduction_pct": 24.347912637384646,
      "bootstrap_prob_mape_below_baseline": 1.0,
      "bootstrap_prob_mse_below_baseline": 1.0,
      "bootstrap_prob_mae_below_baseline": 1.0,
      "bootstrap_prob_all_below_baseline": 1.0
    },
    {
      "baseline": "PatchTST",
      "baseline_mape": 24.314039945602417,
      "baseline_mse": 0.05485794169691043,
      "baseline_mae": 0.17096280095599525,
      "ramr_mape": 18.546323040648975,
      "ramr_mse": 0.035640054881848904,
      "ramr_mae": 0.13802760334469663,
      "mape_absolute_margin": 5.767716904953442,
      "mse_absolute_margin": 0.01921788681506153,
      "mae_absolute_margin": 0.03293519761129862,
      "mape_relative_reduction_pct": 23.721754664619716,
      "mse_relative_reduction_pct": 35.03209602948677,
      "mae_relative_reduction_pct": 19.2645402550324,
      "bootstrap_prob_mape_below_baseline": 1.0,
      "bootstrap_prob_mse_below_baseline": 1.0,
      "bootstrap_prob_mae_below_baseline": 1.0,
      "bootstrap_prob_all_below_baseline": 1.0
    },
    {
      "baseline": "iTransformer",
      "baseline_mape": 21.371063590049744,
      "baseline_mse": 0.04350613024471263,
      "baseline_mae": 0.15433272270660348,
      "ramr_mape": 18.546323040648975,
      "ramr_mse": 0.035640054881848904,
      "ramr_mae": 0.13802760334469663,
      "mape_absolute_margin": 2.8247405494007687,
      "mse_absolute_margin": 0.007866075362863725,
      "mae_absolute_margin": 0.016305119361906845,
      "mape_relative_reduction_pct": 13.217594611041974,
      "mse_relative_reduction_pct": 18.080383887555023,
      "mae_relative_reduction_pct": 10.56491395729727,
      "bootstrap_prob_mape_below_baseline": 0.999,
      "bootstrap_prob_mse_below_baseline": 0.966,
      "bootstrap_prob_mae_below_baseline": 0.9915,
      "bootstrap_prob_all_below_baseline": 0.9645
    },
    {
      "baseline": "TimeMixer",
      "baseline_mape": 23.547953367233276,
      "baseline_mse": 0.042383958010442244,
      "baseline_mae": 0.1598794884872624,
      "ramr_mape": 18.546323040648975,
      "ramr_mse": 0.035640054881848904,
      "ramr_mae": 0.13802760334469663,
      "mape_absolute_margin": 5.001630326584301,
      "mse_absolute_margin": 0.00674390312859334,
      "mae_absolute_margin": 0.02185188514256578,
      "mape_relative_reduction_pct": 21.240191232686982,
      "mse_relative_reduction_pct": 15.911451985989197,
      "mae_relative_reduction_pct": 13.667722701218624,
      "bootstrap_prob_mape_below_baseline": 1.0,
      "bootstrap_prob_mse_below_baseline": 0.9435,
      "bootstrap_prob_mae_below_baseline": 0.9995,
      "bootstrap_prob_all_below_baseline": 0.9435
    },
    {
      "baseline": "FreEformer",
      "baseline_mape": 20.153965055942535,
      "baseline_mse": 0.040025995799741,
      "baseline_mae": 0.14813873285393928,
      "ramr_mape": 18.546323040648975,
      "ramr_mse": 0.035640054881848904,
      "ramr_mae": 0.13802760334469663,
      "mape_absolute_margin": 1.6076420152935604,
      "mse_absolute_margin": 0.0043859409178920936,
      "mae_absolute_margin": 0.010111129509242645,
      "mape_relative_reduction_pct": 7.976802633283995,
      "mse_relative_reduction_pct": 10.95773092026476,
      "mae_relative_reduction_pct": 6.825446197931193,
      "bootstrap_prob_mape_below_baseline": 0.958,
      "bootstrap_prob_mse_below_baseline": 0.852,
      "bootstrap_prob_mae_below_baseline": 0.926,
      "bootstrap_prob_all_below_baseline": 0.829
    }
  ]
}